<metadata xml:lang="es"><Esri><CreaDate>20211218</CreaDate><CreaTime>17521800</CreaTime><ArcGISFormat>1.0</ArcGISFormat><SyncOnce>FALSE</SyncOnce><DataProperties><lineage><Process ToolSource="c:\program files\arcgis\pro\Resources\ArcToolbox\toolboxes\Conversion Tools.tbx\FeatureClassToFeatureClass" Date="20211218" Time="175218">FeatureClassToFeatureClass Nivel_de_estudios\Nivel_de_estudios_2020 "C:\Users\Laura Alejandra\Documents\ArcGIS\Projects\TFM\MyProject.gdb" Nivel_de_estudios2020 # "NOMDIS "NOMDIS" true true false 255 Text 0 0,First,#,Nivel_de_estudios\Nivel_de_estudios_2020,Nivel_de_estudios_2020.NOMDIS,0,255;NOMBRE "NOMBRE" true true false 255 Text 0 0,First,#,Nivel_de_estudios\Nivel_de_estudios_2020,Nivel_de_estudios_2020.NOMBRE,0,255;COD_DIS "COD_DIS" true true false 255 Text 0 0,First,#,Nivel_de_estudios\Nivel_de_estudios_2020,Nivel_de_estudios_2020.COD_DIS,0,255;COD_DIS_TX "COD_DIS_TX" true true false 255 Text 0 0,First,#,Nivel_de_estudios\Nivel_de_estudios_2020,Nivel_de_estudios_2020.COD_DIS_TX,0,255;BARRIO_MAY "BARRIO_MAY" true true false 255 Text 0 0,First,#,Nivel_de_estudios\Nivel_de_estudios_2020,Nivel_de_estudios_2020.BARRIO_MAY,0,255;COD_DISBAR "COD_DISBAR" true true false 255 Text 0 0,First,#,Nivel_de_estudios\Nivel_de_estudios_2020,Nivel_de_estudios_2020.COD_DISBAR,0,255;COD_BAR "COD_BAR" true true false 255 Text 0 0,First,#,Nivel_de_estudios\Nivel_de_estudios_2020,Nivel_de_estudios_2020.COD_BAR,0,255;NUM_BAR "NUM_BAR" true true false 255 Text 0 0,First,#,Nivel_de_estudios\Nivel_de_estudios_2020,Nivel_de_estudios_2020.NUM_BAR,0,255;BARRIO_MT "BARRIO_MT" true true false 255 Text 0 0,First,#,Nivel_de_estudios\Nivel_de_estudios_2020,Nivel_de_estudios_2020.BARRIO_MT,0,255;COD_DISB "COD_DISB" true true false 255 Text 0 0,First,#,Nivel_de_estudios\Nivel_de_estudios_2020,Nivel_de_estudios_2020.COD_DISB,0,255;Area_m2 "Area_m2" true true false 8 Double 0 0,First,#,Nivel_de_estudios\Nivel_de_estudios_2020,Nivel_de_estudios_2020.Area_m2,-1,-1;Nivel_de_estudio "Nivel_de_estudio" true true false 255 Text 0 0,First,#,Nivel_de_estudios\Nivel_de_estudios_2020,Nivel_de_estudios_2020.Nivel_de_estudio,0,255;Shape_Length "Shape_Length" false true true 8 Double 0 0,First,#,Nivel_de_estudios\Nivel_de_estudios_2020,Nivel_de_estudios_2020.Shape_Length,-1,-1;Shape_Area "Shape_Area" false true true 8 Double 0 0,First,#,Nivel_de_estudios\Nivel_de_estudios_2020,Nivel_de_estudios_2020.Shape_Area,-1,-1;OBJECTID "OBJECTID" false true false 4 Long 0 9,First,#,Nivel_de_estudios\Nivel_de_estudios_2020,NivelEstudios_2020.OBJECTID,-1,-1;Codigo_distrito "Codigo_distrito" true true false 255 Text 0 0,First,#,Nivel_de_estudios\Nivel_de_estudios_2020,NivelEstudios_2020.Codigo_distrito,0,255;Nombre_distrito "Nombre_distrito" true true false 255 Text 0 0,First,#,Nivel_de_estudios\Nivel_de_estudios_2020,NivelEstudios_2020.Nombre_distrito,0,255;Codigo_barrio "Codigo_barrio" true true false 255 Text 0 0,First,#,Nivel_de_estudios\Nivel_de_estudios_2020,NivelEstudios_2020.Codigo_barrio,0,255;Nombre_barrio "Nombre_barrio" true true false 255 Text 0 0,First,#,Nivel_de_estudios\Nivel_de_estudios_2020,NivelEstudios_2020.Nombre_barrio,0,255;Sin_Estudio "Sin_Estudio" true true false 8 Double 0 0,First,#,Nivel_de_estudios\Nivel_de_estudios_2020,NivelEstudios_2020.Sin_Estudio,-1,-1;Nivel_De_Educación_Básico "Nivel_De_Educación_Básico" true true false 8 Double 0 0,First,#,Nivel_de_estudios\Nivel_de_estudios_2020,NivelEstudios_2020.Nivel_De_Educación_Básico,-1,-1;Nivel_De_Educación_Medio "Nivel_De_Educación_Medio" true true false 8 Double 0 0,First,#,Nivel_de_estudios\Nivel_de_estudios_2020,NivelEstudios_2020.Nivel_De_Educación_Medio,-1,-1;Nivel_De_Educación_Alto "Nivel_De_Educación_Alto" true true false 8 Double 0 0,First,#,Nivel_de_estudios\Nivel_de_estudios_2020,NivelEstudios_2020.Nivel_De_Educación_Alto,-1,-1;Nivel_de_educación "Nivel_de_educación" true true false 8 Double 0 0,First,#,Nivel_de_estudios\Nivel_de_estudios_2020,NivelEstudios_2020.Nivel_de_educación,-1,-1;Año "Año" true true false 8 Double 0 0,First,#,Nivel_de_estudios\Nivel_de_estudios_2020,NivelEstudios_2020.Año,-1,-1" #</Process><Process ToolSource="c:\program files\arcgis\pro\Resources\ArcToolbox\toolboxes\Data Management Tools.tbx\CopyFeatures" Date="20211218" Time="175554">CopyFeatures "C:\Users\Laura Alejandra\Documents\ArcGIS\Projects\TFM\MyProject.gdb\Nivel_de_estudios2020" "C:\Users\Laura Alejandra\Documents\ArcGIS\Projects\TFM\SHP\Nivel de estudios\Nivel_de_estudios2020.shp" # # # #</Process></lineage><itemProps><itemName Sync="TRUE">Nivel_de_estudios2020</itemName><imsContentType Sync="TRUE">002</imsContentType><itemSize Sync="TRUE">0.000</itemSize><itemLocation><linkage Sync="TRUE">file://\\DESKTOP-V0VI9MO\C$\Users\Laura Alejandra\Documents\ArcGIS\Projects\TFM\SHP\Nivel de estudios\Nivel_de_estudios2020.shp</linkage><protocol Sync="TRUE">Local Area Network</protocol></itemLocation></itemProps><coordRef><type Sync="TRUE">Projected</type><geogcsn Sync="TRUE">GCS_GRS_1980_IUGG_1980</geogcsn><csUnits Sync="TRUE">Linear Unit: Meter (1.000000)</csUnits><projcsn Sync="TRUE">UTM_Zone_30_Northern_Hemisphere</projcsn><peXml Sync="TRUE">&lt;ProjectedCoordinateSystem xsi:type='typens:ProjectedCoordinateSystem' xmlns:xsi='http://www.w3.org/2001/XMLSchema-instance' xmlns:xs='http://www.w3.org/2001/XMLSchema' xmlns:typens='http://www.esri.com/schemas/ArcGIS/2.7.0'&gt;&lt;WKT&gt;PROJCS[&amp;quot;UTM_Zone_30_Northern_Hemisphere&amp;quot;,GEOGCS[&amp;quot;GCS_GRS_1980_IUGG_1980&amp;quot;,DATUM[&amp;quot;D_unknown&amp;quot;,SPHEROID[&amp;quot;GRS80&amp;quot;,6378137.0,298.257222101]],PRIMEM[&amp;quot;Greenwich&amp;quot;,0.0],UNIT[&amp;quot;Degree&amp;quot;,0.0174532925199433]],PROJECTION[&amp;quot;Transverse_Mercator&amp;quot;],PARAMETER[&amp;quot;false_easting&amp;quot;,500000.0],PARAMETER[&amp;quot;false_northing&amp;quot;,0.0],PARAMETER[&amp;quot;central_meridian&amp;quot;,-3.0],PARAMETER[&amp;quot;scale_factor&amp;quot;,0.9996],PARAMETER[&amp;quot;latitude_of_origin&amp;quot;,0.0],UNIT[&amp;quot;Meter&amp;quot;,1.0]]&lt;/WKT&gt;&lt;XOrigin&gt;-5120900&lt;/XOrigin&gt;&lt;YOrigin&gt;-9998100&lt;/YOrigin&gt;&lt;XYScale&gt;450445547.3910538&lt;/XYScale&gt;&lt;ZOrigin&gt;-100000&lt;/ZOrigin&gt;&lt;ZScale&gt;10000&lt;/ZScale&gt;&lt;MOrigin&gt;-100000&lt;/MOrigin&gt;&lt;MScale&gt;10000&lt;/MScale&gt;&lt;XYTolerance&gt;0.001&lt;/XYTolerance&gt;&lt;ZTolerance&gt;0.001&lt;/ZTolerance&gt;&lt;MTolerance&gt;0.001&lt;/MTolerance&gt;&lt;HighPrecision&gt;true&lt;/HighPrecision&gt;&lt;/ProjectedCoordinateSystem&gt;</peXml></coordRef></DataProperties><SyncDate>20211218</SyncDate><SyncTime>17555400</SyncTime><ModDate>20211218</ModDate><ModTime>17555400</ModTime></Esri><dataIdInfo><envirDesc Sync="TRUE">Microsoft Windows 10 Version 10.0 (Build 19042) ; Esri ArcGIS 12.7.0.26828</envirDesc><dataLang><languageCode value="spa" Sync="TRUE"></languageCode><countryCode value="COL" Sync="TRUE"></countryCode></dataLang><idCitation><resTitle Sync="TRUE">Nivel_de_estudios2020</resTitle><presForm><PresFormCd value="005" Sync="TRUE"></PresFormCd></presForm></idCitation><spatRpType><SpatRepTypCd value="001" Sync="TRUE"></SpatRepTypCd></spatRpType></dataIdInfo><mdLang><languageCode value="spa" Sync="TRUE"></languageCode><countryCode value="COL" Sync="TRUE"></countryCode></mdLang><distInfo><distFormat><formatName Sync="TRUE">Shapefile</formatName></distFormat><distTranOps><transSize Sync="TRUE">0.000</transSize></distTranOps></distInfo><mdHrLv><ScopeCd value="005" Sync="TRUE"></ScopeCd></mdHrLv><mdHrLvName Sync="TRUE">dataset</mdHrLvName><refSysInfo><RefSystem><refSysID><identCode code="0" Sync="TRUE"></identCode></refSysID></RefSystem></refSysInfo><spatRepInfo><VectSpatRep><geometObjs Name="Nivel_de_estudios2020"><geoObjTyp><GeoObjTypCd value="002" Sync="TRUE"></GeoObjTypCd></geoObjTyp><geoObjCnt Sync="TRUE">0</geoObjCnt></geometObjs><topLvl><TopoLevCd value="001" Sync="TRUE"></TopoLevCd></topLvl></VectSpatRep></spatRepInfo><spdoinfo><ptvctinf><esriterm Name="Nivel_de_estudios2020"><efeatyp Sync="TRUE">Simple</efeatyp><efeageom code="4" Sync="TRUE"></efeageom><esritopo Sync="TRUE">FALSE</esritopo><efeacnt Sync="TRUE">0</efeacnt><spindex Sync="TRUE">FALSE</spindex><linrefer Sync="TRUE">FALSE</linrefer></esriterm></ptvctinf></spdoinfo><eainfo><detailed Name="Nivel_de_estudios2020"><enttyp><enttypl Sync="TRUE">Nivel_de_estudios2020</enttypl><enttypt Sync="TRUE">Feature Class</enttypt><enttypc Sync="TRUE">0</enttypc></enttyp><attr><attrlabl Sync="TRUE">FID</attrlabl><attalias Sync="TRUE">FID</attalias><attrtype Sync="TRUE">OID</attrtype><attwidth Sync="TRUE">4</attwidth><atprecis Sync="TRUE">0</atprecis><attscale Sync="TRUE">0</attscale><attrdef Sync="TRUE">Internal feature number.</attrdef><attrdefs Sync="TRUE">Esri</attrdefs><attrdomv><udom Sync="TRUE">Sequential unique whole numbers that are automatically generated.</udom></attrdomv></attr><attr><attrlabl Sync="TRUE">Shape</attrlabl><attalias Sync="TRUE">Shape</attalias><attrtype Sync="TRUE">Geometry</attrtype><attwidth Sync="TRUE">0</attwidth><atprecis Sync="TRUE">0</atprecis><attscale Sync="TRUE">0</attscale><attrdef Sync="TRUE">Feature geometry.</attrdef><attrdefs Sync="TRUE">Esri</attrdefs><attrdomv><udom Sync="TRUE">Coordinates defining the features.</udom></attrdomv></attr><attr><attrlabl Sync="TRUE">NOMDIS</attrlabl><attalias Sync="TRUE">NOMDIS</attalias><attrtype Sync="TRUE">String</attrtype><attwidth Sync="TRUE">254</attwidth><atprecis Sync="TRUE">0</atprecis><attscale Sync="TRUE">0</attscale></attr><attr><attrlabl Sync="TRUE">NOMBRE</attrlabl><attalias Sync="TRUE">NOMBRE</attalias><attrtype Sync="TRUE">String</attrtype><attwidth Sync="TRUE">254</attwidth><atprecis Sync="TRUE">0</atprecis><attscale Sync="TRUE">0</attscale></attr><attr><attrlabl Sync="TRUE">COD_DIS</attrlabl><attalias Sync="TRUE">COD_DIS</attalias><attrtype Sync="TRUE">String</attrtype><attwidth Sync="TRUE">254</attwidth><atprecis Sync="TRUE">0</atprecis><attscale Sync="TRUE">0</attscale></attr><attr><attrlabl Sync="TRUE">COD_DIS_TX</attrlabl><attalias Sync="TRUE">COD_DIS_TX</attalias><attrtype Sync="TRUE">String</attrtype><attwidth Sync="TRUE">254</attwidth><atprecis Sync="TRUE">0</atprecis><attscale Sync="TRUE">0</attscale></attr><attr><attrlabl Sync="TRUE">BARRIO_MAY</attrlabl><attalias Sync="TRUE">BARRIO_MAY</attalias><attrtype Sync="TRUE">String</attrtype><attwidth Sync="TRUE">254</attwidth><atprecis Sync="TRUE">0</atprecis><attscale Sync="TRUE">0</attscale></attr><attr><attrlabl Sync="TRUE">COD_DISBAR</attrlabl><attalias Sync="TRUE">COD_DISBAR</attalias><attrtype Sync="TRUE">String</attrtype><attwidth Sync="TRUE">254</attwidth><atprecis Sync="TRUE">0</atprecis><attscale Sync="TRUE">0</attscale></attr><attr><attrlabl Sync="TRUE">COD_BAR</attrlabl><attalias Sync="TRUE">COD_BAR</attalias><attrtype Sync="TRUE">String</attrtype><attwidth Sync="TRUE">254</attwidth><atprecis Sync="TRUE">0</atprecis><attscale Sync="TRUE">0</attscale></attr><attr><attrlabl Sync="TRUE">NUM_BAR</attrlabl><attalias Sync="TRUE">NUM_BAR</attalias><attrtype Sync="TRUE">String</attrtype><attwidth Sync="TRUE">254</attwidth><atprecis Sync="TRUE">0</atprecis><attscale Sync="TRUE">0</attscale></attr><attr><attrlabl Sync="TRUE">BARRIO_MT</attrlabl><attalias Sync="TRUE">BARRIO_MT</attalias><attrtype Sync="TRUE">String</attrtype><attwidth Sync="TRUE">254</attwidth><atprecis Sync="TRUE">0</atprecis><attscale Sync="TRUE">0</attscale></attr><attr><attrlabl Sync="TRUE">COD_DISB</attrlabl><attalias Sync="TRUE">COD_DISB</attalias><attrtype Sync="TRUE">String</attrtype><attwidth Sync="TRUE">254</attwidth><atprecis Sync="TRUE">0</atprecis><attscale Sync="TRUE">0</attscale></attr><attr><attrlabl Sync="TRUE">Area_m2</attrlabl><attalias Sync="TRUE">Area_m2</attalias><attrtype Sync="TRUE">Double</attrtype><attwidth Sync="TRUE">19</attwidth><atprecis Sync="TRUE">0</atprecis><attscale Sync="TRUE">0</attscale></attr><attr><attrlabl Sync="TRUE">Nivel_de_e</attrlabl><attalias Sync="TRUE">Nivel_de_e</attalias><attrtype Sync="TRUE">String</attrtype><attwidth Sync="TRUE">254</attwidth><atprecis Sync="TRUE">0</atprecis><attscale Sync="TRUE">0</attscale></attr><attr><attrlabl Sync="TRUE">OBJECTID</attrlabl><attalias Sync="TRUE">OBJECTID</attalias><attrtype Sync="TRUE">Integer</attrtype><attwidth Sync="TRUE">10</attwidth><atprecis Sync="TRUE">10</atprecis><attscale Sync="TRUE">0</attscale></attr><attr><attrlabl Sync="TRUE">Codigo_dis</attrlabl><attalias Sync="TRUE">Codigo_dis</attalias><attrtype Sync="TRUE">String</attrtype><attwidth Sync="TRUE">254</attwidth><atprecis Sync="TRUE">0</atprecis><attscale Sync="TRUE">0</attscale></attr><attr><attrlabl Sync="TRUE">Nombre_dis</attrlabl><attalias Sync="TRUE">Nombre_dis</attalias><attrtype Sync="TRUE">String</attrtype><attwidth Sync="TRUE">254</attwidth><atprecis Sync="TRUE">0</atprecis><attscale Sync="TRUE">0</attscale></attr><attr><attrlabl Sync="TRUE">Codigo_bar</attrlabl><attalias Sync="TRUE">Codigo_bar</attalias><attrtype Sync="TRUE">String</attrtype><attwidth Sync="TRUE">254</attwidth><atprecis Sync="TRUE">0</atprecis><attscale Sync="TRUE">0</attscale></attr><attr><attrlabl Sync="TRUE">Nombre_bar</attrlabl><attalias Sync="TRUE">Nombre_bar</attalias><attrtype Sync="TRUE">String</attrtype><attwidth Sync="TRUE">254</attwidth><atprecis Sync="TRUE">0</atprecis><attscale Sync="TRUE">0</attscale></attr><attr><attrlabl Sync="TRUE">Sin_Estudi</attrlabl><attalias Sync="TRUE">Sin_Estudi</attalias><attrtype Sync="TRUE">Double</attrtype><attwidth Sync="TRUE">19</attwidth><atprecis Sync="TRUE">0</atprecis><attscale Sync="TRUE">0</attscale></attr><attr><attrlabl Sync="TRUE">Nivel_De_1</attrlabl><attalias Sync="TRUE">Nivel_De_1</attalias><attrtype Sync="TRUE">Double</attrtype><attwidth Sync="TRUE">19</attwidth><atprecis Sync="TRUE">0</atprecis><attscale Sync="TRUE">0</attscale></attr><attr><attrlabl Sync="TRUE">Nivel_De_2</attrlabl><attalias Sync="TRUE">Nivel_De_2</attalias><attrtype Sync="TRUE">Double</attrtype><attwidth Sync="TRUE">19</attwidth><atprecis Sync="TRUE">0</atprecis><attscale Sync="TRUE">0</attscale></attr><attr><attrlabl Sync="TRUE">Nivel_De_3</attrlabl><attalias Sync="TRUE">Nivel_De_3</attalias><attrtype Sync="TRUE">Double</attrtype><attwidth Sync="TRUE">19</attwidth><atprecis Sync="TRUE">0</atprecis><attscale Sync="TRUE">0</attscale></attr><attr><attrlabl Sync="TRUE">Nivel_de_4</attrlabl><attalias Sync="TRUE">Nivel_de_4</attalias><attrtype Sync="TRUE">Double</attrtype><attwidth Sync="TRUE">19</attwidth><atprecis Sync="TRUE">0</atprecis><attscale Sync="TRUE">0</attscale></attr><attr><attrlabl Sync="TRUE">Año</attrlabl><attalias Sync="TRUE">Año</attalias><attrtype Sync="TRUE">Double</attrtype><attwidth Sync="TRUE">19</attwidth><atprecis Sync="TRUE">0</atprecis><attscale Sync="TRUE">0</attscale></attr><attr><attrlabl Sync="TRUE">Shape_Leng</attrlabl><attalias Sync="TRUE">Shape_Leng</attalias><attrtype Sync="TRUE">Double</attrtype><attwidth Sync="TRUE">19</attwidth><atprecis Sync="TRUE">0</atprecis><attscale Sync="TRUE">0</attscale></attr><attr><attrlabl Sync="TRUE">Shape_Area</attrlabl><attalias Sync="TRUE">Shape_Area</attalias><attrtype Sync="TRUE">Double</attrtype><attwidth Sync="TRUE">19</attwidth><atprecis Sync="TRUE">0</atprecis><attscale Sync="TRUE">0</attscale><attrdef Sync="TRUE">Area of feature in internal units squared.</attrdef><attrdefs Sync="TRUE">Esri</attrdefs><attrdomv><udom Sync="TRUE">Positive real numbers that are automatically generated.</udom></attrdomv></attr></detailed></eainfo><mdDateSt Sync="TRUE">20211218</mdDateSt></metadata>
